name,owner,created_at,language
masscan,robertdavidgraham,2013-07-28T05:35:33Z,C
RustScan,RustScan,2020-07-11T20:00:41Z,Rust
scan4all,GhostTroops,2022-06-20T03:11:08Z,Go
Findomain,Findomain,2019-04-14T18:38:54Z,Rust
vscan,veo,2021-06-17T03:51:30Z,Go
scanless,vesche,2017-05-05T02:53:01Z,Python
webanalyze,rverton,2015-05-12T11:29:14Z,Go
spoilerwall,infobyte,2017-06-13T20:31:04Z,Python
scantron,rackerlabs,2018-08-20T17:59:20Z,Python
onetwopunch,superkojiman,2014-09-05T21:10:36Z,Shell
android-network-discovery,rorist,2009-12-24T03:09:01Z,Java
furious,liamg,2018-12-16T21:02:44Z,Go
jfscan,nullt3r,2022-03-13T10:37:50Z,Python
net-diagnosis,mediaios,2019-02-15T02:40:41Z,Objective-C
AZScanner,az0ne,2016-11-10T09:07:05Z,
Dome,v4d1,2022-02-20T15:09:40Z,Python
Asnlookup,yassineaboukir,2018-11-22T19:09:35Z,Python
DivideAndScan,snovvcrash,2021-04-05T18:28:42Z,Python
portscan,jboursiquot,2021-01-09T05:01:24Z,Go
python3-nmap,nmmapper,2019-11-22T09:02:56Z,Python
netscan,jessfraz,2015-08-05T01:07:19Z,Go
awesome-internet-scanning,paralax,2018-11-11T23:50:45Z,
ch3r0,tnt-wolve,2020-07-26T05:13:23Z,
.config,zszszszsz,2020-06-23T17:51:35Z,Shell
flashlight,galkan,2015-07-01T07:00:36Z,Python
portauthority,target,2018-04-30T14:52:31Z,Go
MassMap,capt-meelo,2019-02-23T05:31:29Z,XSLT
turbo-scanner,mytechnotalent,2022-03-01T20:36:06Z,Go
lzr,stanford-esrg,2020-02-24T21:50:51Z,Go
FTC-Skystone-Dark-Angels-Romania-2020,chrisneagu,2021-03-08T11:34:11Z,Java
port-scan-automation,nccgroup,2013-05-09T19:54:07Z,Shell
PortScanner,vinitshahdeo,2020-06-03T11:14:34Z,Python
Port_Authority,ACK-J,2021-03-22T01:49:14Z,JavaScript
gorawtcpsyn,kdar,2013-11-18T05:58:38Z,Go
NetRadar,XDeadHackerX,2023-08-01T06:53:43Z,Shell
redesigned-pancake,Sfedfcv,2021-05-16T05:22:25Z,
scanme,CyberRoute,2024-01-06T12:51:57Z,Go
python-hacklib,lazorfuzz,2016-05-27T20:21:29Z,Python
NetworkSherlock,HalilDeniz,2023-04-21T12:29:27Z,Python
RASscan,RASSec,2016-04-23T12:36:43Z,Python
masscan,zan8in,2021-03-03T02:28:37Z,Go
masscan-ng,bi-zone,2022-01-24T09:17:11Z,C
gomap,JustinTimperio,2021-03-08T01:56:22Z,Go
ratel,h4cnull,2021-12-17T08:08:46Z,Rust
sgCheckup,goldfiglabs,2021-02-11T00:51:04Z,Go
sane-wasm,goncalomb,2023-04-08T16:06:05Z,TypeScript
CVEScannerV2,scmanjarrez,2021-08-11T12:57:45Z,Lua
ransomware,abhir98,2021-04-14T14:09:31Z,Go
tools-Termux,MGz-Staze,2021-12-29T03:16:15Z,
surferFTP,vp777,2021-02-09T15:44:30Z,Shell
Secure_Kali,gh0x0st,2020-06-12T19:51:27Z,Shell
portscan.sh,KathanP19,2020-06-18T04:45:57Z,Shell
shodan-seeker,laincode,2019-03-30T19:38:54Z,Python
porting-assistant-dotnet-ui,aws,2020-12-28T20:47:18Z,TypeScript
LAN-port-scan-forbidder,garywill,2021-08-13T01:07:24Z,JavaScript
Rotty.py,RoseSecurity,2022-02-19T05:04:07Z,Python
Hack-SQL,Don-No7,2022-01-30T17:26:02Z,
PentestBro,marius-rothenbuecher,2021-03-02T19:19:14Z,C#
gps,stanford-esrg,2021-11-09T19:21:37Z,Python
ZeroScan,5alt,2017-12-28T07:26:08Z,Python
np,leesoh,2021-12-11T15:01:46Z,Go
portplow,threatexpress,2018-02-07T23:14:32Z,JavaScript
libnids,korczis,2012-06-21T16:56:41Z,
PythonPortScanner,YaokaiYang-assaultmaster,2017-03-13T17:58:05Z,Python
OFFPORT_KILLER,TH3xACE,2019-10-14T21:50:30Z,Shell
HuntTheBug,vikrantbatra05,2022-01-09T14:38:51Z,Shell
scanlogd,openwall,2021-01-11T22:06:49Z,C
cookiescan,tomsteele,2014-04-25T22:51:16Z,Go
retirejslib,FallibleInc,2016-03-15T10:16:02Z,Python
i2c_port_address_scanner,jainrk,2017-03-14T22:27:27Z,Arduino
nmap-bootstrap-xsl,Haxxnet,2023-03-08T17:06:18Z,XSLT
Thanos,P0cL4bs,2015-06-26T23:25:04Z,C
ros2_laser_scan_matcher,AlexKaravaev,2020-11-17T13:03:38Z,C++
Host-enumeration,IvanGlinkin,2020-09-27T14:55:01Z,Shell
react-native-lanscan,Odinvt,2016-06-10T10:11:51Z,Java
Nojle,Err0r-ICA,2020-03-19T21:43:58Z,Python
scanproxy,JimYJ,2018-02-08T04:54:02Z,Go
Port-enumeration,IvanGlinkin,2020-09-15T11:09:34Z,Shell
D-TECT,hudacbr,2019-01-11T11:45:56Z,Python
Information-Gathering,viehgroup,2022-02-22T04:26:10Z,Python
nodescan,AllGloryToTheHypnotoad,2016-01-01T20:52:41Z,JavaScript
opscan,sigoden,2023-02-06T08:55:34Z,Rust
QuickScan,NullArray,2017-09-04T14:26:00Z,Python
porting-assistant-dotnet-visual-studio-ide-extension,aws,2021-03-23T06:13:15Z,C#
asnap,yukselberkay,2020-09-21T21:36:14Z,Go
sslScanner,mikecardwell,2010-10-18T10:18:27Z,
iotScan,blindma1den,2024-04-27T23:10:27Z,Python
golang-portScan,sinute,2013-05-20T09:54:37Z,Go
ProbingDataset,gubertoli,2019-10-07T02:48:52Z,Jupyter Notebook
bashReconScan,carlospolop,2019-01-11T18:53:54Z,Shell
arduino-usb-scanner,arduino,2011-09-26T16:11:13Z,
ScanExp,CyberNDR,2022-09-20T19:03:58Z,Python
Shodan_PS,simeononsecurity,2020-11-15T01:28:41Z,PowerShell
penblood,LinterexEvilCommunity,2020-06-13T03:47:29Z,Python
camerasdiscovery,beyondszine,2019-02-23T09:22:15Z,JavaScript
nmap-analyze,lukaspustina,2018-07-19T09:07:26Z,Rust
WebServiceScanner,aedoo,2018-09-12T02:52:00Z,Python
porting-advisor,arm-hpc,2017-12-21T13:29:25Z,Python
Network_traffic_analyzer,Ravi-Teja-konda,2023-04-30T17:56:25Z,Python
against-cracker,MrMugiwara,2015-06-17T14:39:09Z,Python
