Name,Owner,Created At,Language
scanless,vesche,2017-05-05T02:53:01Z,Python
spoilerwall,infobyte,2017-06-13T20:31:04Z,Python
scantron,rackerlabs,2018-08-20T17:59:20Z,Python
jfscan,nullt3r,2022-03-13T10:37:50Z,Python
Dome,v4d1,2022-02-20T15:09:40Z,Python
Asnlookup,yassineaboukir,2018-11-22T19:09:35Z,Python
DivideAndScan,snovvcrash,2021-04-05T18:28:42Z,Python
python3-nmap,nmmapper,2019-11-22T09:02:56Z,Python
ch3r0,tnt-wolve,2020-07-26T05:13:23Z,
flashlight,galkan,2015-07-01T07:00:36Z,Python
PortScanner,vinitshahdeo,2020-06-03T11:14:34Z,Python
python-hacklib,lazorfuzz,2016-05-27T20:21:29Z,Python
NetworkSherlock,HalilDeniz,2023-04-21T12:29:27Z,Python
RASscan,RASSec,2016-04-23T12:36:43Z,Python
shodan-seeker,laincode,2019-03-30T19:38:54Z,Python
Rotty.py,RoseSecurity,2022-02-19T05:04:07Z,Python
gps,stanford-esrg,2021-11-09T19:21:37Z,Python
ZeroScan,5alt,2017-12-28T07:26:08Z,Python
PythonPortScanner,YaokaiYang-assaultmaster,2017-03-13T17:58:05Z,Python
retirejslib,FallibleInc,2016-03-15T10:16:02Z,Python
Nojle,Err0r-ICA,2020-03-19T21:43:58Z,Python
D-TECT,hudacbr,2019-01-11T11:45:56Z,Python
Information-Gathering,viehgroup,2022-02-22T04:26:10Z,Python
QuickScan,NullArray,2017-09-04T14:26:00Z,Python
iotScan,blindma1den,2024-04-27T23:10:27Z,Python
ScanExp,CyberNDR,2022-09-20T19:03:58Z,Python
penblood,LinterexEvilCommunity,2020-06-13T03:47:29Z,Python
WebServiceScanner,aedoo,2018-09-12T02:52:00Z,Python
porting-advisor,arm-hpc,2017-12-21T13:29:25Z,Python
Network_traffic_analyzer,Ravi-Teja-konda,2023-04-30T17:56:25Z,Python
against-cracker,MrMugiwara,2015-06-17T14:39:09Z,Python
subzer0,Subn0x,2019-12-29T17:38:44Z,Python
srcscan,orleven,2018-12-09T06:35:20Z,Python
spicescan,spicesouls,2020-08-26T23:57:03Z,Python
ip-ranger-scaner,MaamounBenhafsa,2019-12-12T11:22:37Z,Python
nmap-GPT,ethanolivertroy,2023-02-11T16:48:50Z,Python
ranger-reloaded,joeyagreco,2022-06-30T01:49:46Z,Python
Port-Knocker,mhuzaifi0604,2023-09-19T14:41:47Z,Python
Khonshu,RevoltSecurities,2024-02-05T16:03:21Z,Python
PortAuthority,samysspace,2018-08-16T05:21:07Z,Python
PortScan,skskevin,2015-11-26T02:45:14Z,Python
PortScanDetector,Rickerd0613,2017-10-02T01:26:21Z,Python
Pytheas22,Kill0geR,2023-05-30T16:37:44Z,Python
httpscan,a3r0id,2022-01-26T07:10:31Z,Python
proxy-machine,imhassla,2023-07-08T13:06:51Z,Python
Network-Scanner,aboelkassem,2021-05-28T23:03:36Z,Python
webcr4wl,47hxl-53r,2022-06-13T16:44:58Z,Python
AgileGrabber,sudo0x18,2022-10-20T10:30:45Z,Python
GTA-V-Session-Sniffer,Illegal-Services,2023-01-09T08:47:47Z,Python
AttackSurfaceMapper,nerodtm,2019-12-24T16:32:33Z,Python
cisco-switch-scanner,Zitzabis,2018-03-20T18:05:54Z,Python
lambda-port-scanner,bridge-four,2021-02-04T23:12:12Z,Python
PortNinja-Open-Ports-Finder,SHUR1K-N,2021-01-10T13:34:56Z,Python
Network-Scanner,Kairos-T,2023-04-03T13:23:17Z,Python
lightproxy,wuwenrufeng,2020-06-11T05:26:01Z,Python
Weblogic_SSRF,ZH3FENG,2016-07-19T05:27:44Z,Python
Scapy-port-scanner,cptpugwash,2018-03-28T19:08:08Z,Python
sec-portscan-agent,Lee-0x00,2016-12-09T02:32:00Z,Python
Port_Scan,windard,2015-10-11T10:46:05Z,Python
tlatlacaana_aplication,Tank3-TK3,2020-05-20T15:46:52Z,Python
portscanner,Ianemwel679,2023-09-01T12:54:16Z,Python
PortScanner,rajan98,2018-04-29T01:06:18Z,Python
DNS_PORT,Leoid,2018-11-09T17:34:43Z,Python
NetBubble,zackiles,2014-07-28T11:30:31Z,Python
PortScan-DNS,MidD3Vil,2021-09-07T21:23:56Z,Python
Port-Scanner,Kairos-T,2022-07-14T13:56:01Z,Python
PortScan,Aperocky,2018-11-12T01:32:05Z,Python
ExplorerPy,M3hank,2022-12-15T02:27:20Z,Python
PortScanHoneypot,DanaEpp,2020-10-19T00:47:06Z,Python
LemTCP,ByteFuryS,2023-06-05T19:43:48Z,Python
PortInjection,Xnuvers007,2021-11-28T01:27:40Z,Python
DOOM-port-scanner,ariel139,2020-11-20T07:23:11Z,Python
Port-Scanner-Tool,akshatsoni64,2020-05-12T20:33:49Z,Python
Honeypot-,kishorekumarhanbar,2017-09-20T17:44:59Z,Python
Port-Scan-Detector,sangh42,2015-07-02T19:04:36Z,Python
FastPortScan,aedoo,2018-04-20T02:26:00Z,Python
multiscanner.py,rdbo,2020-06-13T18:35:12Z,Python
nmapoutputbrowser,magnusstubman,2017-09-05T17:09:51Z,Python
NMAP-Black-Python,VolkanSah,2023-04-24T19:55:08Z,Python
CVE-2023-27163-InternalProber,samh4cks,2023-08-28T16:19:21Z,Python
DeepMole-PortScanner,coonsmatthew,2015-12-24T18:25:16Z,Python
PortScanner,Tomotoes,2019-01-17T08:46:49Z,Python
GlokyPortScanner,gl0ky,2021-07-30T23:43:14Z,Python
portscanner-python,Mardokdns,2021-04-25T05:46:58Z,Python
internetscanner,newtonsart,2019-05-02T19:55:28Z,Python
TCP_Scanner,clasiru,2020-02-23T11:43:38Z,Python
Scan-ports,AI35,2017-05-07T11:12:39Z,Python
Lazy_scan,Fankaren,2021-05-08T13:39:56Z,Python
Anon-Port-Scanner,mfazrinizar,2018-12-28T14:43:34Z,Python
Chanakya,Cyb3r3x3r,2018-03-30T17:20:22Z,Python
RSAS-V6.0-Report_Out,RayScri,2019-11-29T02:19:22Z,Python
nmap_python3,KhanhNguyen9872,2022-08-24T12:27:17Z,Python
Port-Scanner,R3dSh3rl0ck,2021-08-09T08:22:17Z,Python
Mangekyou-Scanner,techwebspot,2017-05-24T06:10:40Z,Python
DeltaScan,Logisek,2023-12-04T18:40:39Z,Python
PortProber,Aravindha1234u,2020-05-04T12:28:28Z,Python
SileNt-MAP,SudoMcClane,2018-11-28T15:58:13Z,Python
python-ipscan,PAPAMICA,2022-02-07T16:55:47Z,Python
Scouter,h0mbre,2019-03-24T19:13:10Z,Python
poodle-prober,jeffmurphy,2014-10-16T02:30:30Z,Python
